epoch,time,train/box_loss,train/cls_loss,train/dfl_loss,metrics/precision(B),metrics/recall(B),metrics/mAP50(B),metrics/mAP50-95(B),val/box_loss,val/cls_loss,val/dfl_loss,lr/pg0,lr/pg1,lr/pg2
1,15.8158,3.70744,4.65801,1.73534,0,0,0,0,3.6817,5.21313,1.39732,6.666e-05,6.666e-05,6.666e-05
2,29.0581,3.01614,4.3956,1.26564,0,0,0,0,3.04909,4.81475,1.00772,0.000142643,0.000142643,0.000142643
3,49.7565,2.56212,4.09108,1.05625,0,0,0,0,2.6805,4.65423,0.94587,0.000216701,0.000216701,0.000216701
4,79.6082,2.45201,3.70176,0.98576,0,0,0,0,2.49053,4.53241,0.91857,0.000288834,0.000288834,0.000288834
5,106.637,2.43355,3.32982,0.93991,0.01225,0.11236,0.03644,0.01222,2.38993,4.25134,0.91228,0.000359042,0.000359042,0.000359042
6,135.265,2.35231,2.95195,0.93897,0.02324,0.23995,0.05674,0.01585,2.39971,3.9283,0.91178,0.000427325,0.000427325,0.000427325
7,162.439,2.19239,2.64034,0.92418,0.30943,0.12358,0.06801,0.02145,2.45796,3.71464,0.92006,0.000493684,0.000493684,0.000493684
8,175.966,1.93529,2.44632,0.90164,0.36845,0.13068,0.10532,0.04297,2.24628,3.37069,0.8994,0.000558118,0.000558118,0.000558118
9,188.438,1.96684,2.34372,0.898,0.41707,0.11453,0.14468,0.05715,2.26823,3.2572,0.90393,0.000620627,0.000620627,0.000620627
10,205.355,1.91859,2.15856,0.88767,0.65318,0.20407,0.17201,0.06377,2.17525,3.14148,0.89553,0.000681211,0.000681211,0.000681211
11,232.562,2.08257,2.22635,0.90061,0.41002,0.24053,0.20042,0.08943,2.04986,2.94596,0.87896,0.00073987,0.00073987,0.00073987
12,259.745,2.07212,2.08021,0.8897,0.41847,0.26262,0.20626,0.08519,2.07712,2.95903,0.87902,0.000796605,0.000796605,0.000796605
13,289.387,2.08263,1.97753,0.88352,0.40252,0.22913,0.19324,0.07929,1.99193,3.01036,0.86295,0.000851415,0.000851415,0.000851415
14,315.982,1.89391,1.84842,0.88542,0.40252,0.22913,0.19324,0.07929,1.99193,3.01036,0.86295,0.0009043,0.0009043,0.0009043
15,343.595,2.31525,1.99057,0.92246,0.41069,0.21485,0.2061,0.07919,2.0562,2.88939,0.87057,0.000918519,0.000918519,0.000918519
16,370.721,1.8683,1.801,0.89353,0.40119,0.27238,0.22569,0.08966,2.00598,2.78257,0.8636,0.000904771,0.000904771,0.000904771
17,397.182,2.11943,1.84221,0.90825,0.50861,0.22491,0.29095,0.1165,1.87158,2.68916,0.839,0.000891022,0.000891022,0.000891022
18,424.631,1.95358,1.72686,0.88305,0.53604,0.22491,0.33323,0.139,1.91485,2.5555,0.84558,0.000877273,0.000877273,0.000877273
19,451.635,1.80508,1.68367,0.8801,0.53097,0.27656,0.37744,0.16813,1.8326,2.4448,0.85005,0.000863525,0.000863525,0.000863525
20,479.529,1.94977,1.69129,0.88011,0.55442,0.29665,0.41523,0.18525,1.77612,2.29609,0.84974,0.000849776,0.000849776,0.000849776
21,507.008,2.10625,1.70769,0.88957,0.27604,0.40519,0.38821,0.18492,1.744,2.18005,0.84593,0.000836027,0.000836027,0.000836027
22,534.98,1.92287,1.65241,0.8816,0.27604,0.40519,0.38821,0.18492,1.744,2.18005,0.84593,0.000822279,0.000822279,0.000822279
23,561.135,1.86431,1.5251,0.88054,0.30206,0.41029,0.37794,0.17694,1.76989,2.07258,0.84529,0.00080853,0.00080853,0.00080853
24,588.027,1.83069,1.51189,0.87937,0.4246,0.36293,0.42415,0.19444,1.70929,1.97211,0.84259,0.000794782,0.000794782,0.000794782
25,615.783,2.03173,1.52439,0.88927,0.49568,0.35781,0.45423,0.21093,1.69902,1.91593,0.84355,0.000781033,0.000781033,0.000781033
26,642.889,1.77688,1.46521,0.87201,0.49025,0.36533,0.48486,0.2252,1.70486,1.93826,0.84581,0.000767284,0.000767284,0.000767284
27,670.235,2.00301,1.47147,0.88194,0.3752,0.4132,0.49472,0.23271,1.70799,1.97249,0.84829,0.000753536,0.000753536,0.000753536
28,697.463,1.81529,1.38836,0.86958,0.37916,0.41083,0.47407,0.24025,1.6722,1.97182,0.84989,0.000739787,0.000739787,0.000739787
29,724.787,1.68749,1.37833,0.86833,0.41916,0.39398,0.47781,0.2449,1.65559,1.97157,0.85319,0.000726038,0.000726038,0.000726038
30,752.02,1.89398,1.41555,0.87539,0.41916,0.39398,0.47781,0.2449,1.65559,1.97157,0.85319,0.00071229,0.00071229,0.00071229
31,779.975,1.7243,1.38868,0.86891,0.43293,0.40314,0.51556,0.26335,1.61849,1.95325,0.85185,0.000698541,0.000698541,0.000698541
32,807.474,1.68116,1.29208,0.8685,0.43111,0.45884,0.52601,0.26189,1.59834,1.95273,0.84622,0.000684793,0.000684793,0.000684793
33,834.958,1.80427,1.27223,0.86659,0.45372,0.46609,0.52783,0.25723,1.62537,1.92007,0.84552,0.000671044,0.000671044,0.000671044
34,862.628,1.64015,1.24414,0.86105,0.47925,0.4615,0.54076,0.26372,1.59991,1.88213,0.8475,0.000657295,0.000657295,0.000657295
35,889.198,1.60278,1.20468,0.86462,0.49846,0.48807,0.54897,0.27676,1.54734,1.77682,0.84688,0.000643547,0.000643547,0.000643547
36,915.517,1.63542,1.19389,0.85388,0.55072,0.46361,0.56621,0.27931,1.57829,1.72358,0.85033,0.000629798,0.000629798,0.000629798
37,942.288,1.50826,1.14964,0.86044,0.5093,0.44351,0.54059,0.26893,1.62807,1.68493,0.85432,0.000616049,0.000616049,0.000616049
38,969.543,1.81286,1.23128,0.87006,0.5093,0.44351,0.54059,0.26893,1.62807,1.68493,0.85432,0.000602301,0.000602301,0.000602301
39,988.687,1.64564,1.17818,0.86027,0.52654,0.48774,0.55839,0.27573,1.56455,1.66499,0.84855,0.000588552,0.000588552,0.000588552
40,1016.81,1.75512,1.3158,0.8595,0.5463,0.48346,0.56374,0.28479,1.52463,1.69408,0.84679,0.000574804,0.000574804,0.000574804
41,1043.2,1.63517,1.14238,0.85691,0.52759,0.4839,0.56932,0.28193,1.57647,1.67664,0.84754,0.000561055,0.000561055,0.000561055
42,1070.19,1.58556,1.13483,0.85215,0.53521,0.52803,0.58193,0.29422,1.54504,1.60544,0.84453,0.000547306,0.000547306,0.000547306
43,1098.09,1.56568,1.13282,0.85252,0.53327,0.52466,0.58858,0.29557,1.51452,1.52457,0.83959,0.000533558,0.000533558,0.000533558
44,1127.55,1.5614,1.07405,0.85168,0.52271,0.53427,0.58982,0.29263,1.52021,1.51824,0.83955,0.000519809,0.000519809,0.000519809
45,1156.27,1.6777,1.10133,0.86314,0.5162,0.5344,0.5848,0.30375,1.46415,1.51966,0.83648,0.00050606,0.00050606,0.00050606
46,1183.75,1.6057,1.04143,0.85246,0.5162,0.5344,0.5848,0.30375,1.46415,1.51966,0.83648,0.000492312,0.000492312,0.000492312
47,1216.74,1.66401,1.0866,0.85009,0.51991,0.56155,0.58125,0.29634,1.4937,1.51998,0.83508,0.000478563,0.000478563,0.000478563
48,1250.68,1.53573,1.02735,0.84669,0.5404,0.53673,0.5787,0.28802,1.56678,1.52656,0.83705,0.000464815,0.000464815,0.000464815
49,1279.64,1.69193,1.06205,0.85916,0.55834,0.52627,0.58007,0.29187,1.55646,1.5067,0.83724,0.000451066,0.000451066,0.000451066
50,1305.7,1.44882,1.04432,0.84377,0.57603,0.53865,0.58949,0.30722,1.50192,1.46317,0.83404,0.000437317,0.000437317,0.000437317
51,1333.64,1.62491,1.08732,0.85454,0.56504,0.54389,0.59875,0.31927,1.48354,1.44153,0.83356,0.000423569,0.000423569,0.000423569
52,1361.69,1.55087,0.99096,0.85005,0.56648,0.544,0.59685,0.31728,1.44901,1.39762,0.83117,0.00040982,0.00040982,0.00040982
53,1389.05,1.49985,0.99736,0.8522,0.54881,0.54647,0.60061,0.32979,1.4091,1.36983,0.82876,0.000396071,0.000396071,0.000396071
54,1417.19,1.5972,1.04875,0.85513,0.54881,0.54647,0.60061,0.32979,1.4091,1.36983,0.82876,0.000382323,0.000382323,0.000382323
55,1445.8,1.51913,0.96078,0.84722,0.52553,0.54987,0.59244,0.32275,1.43969,1.36501,0.82983,0.000368574,0.000368574,0.000368574
56,1473.79,1.59137,1.00761,0.84875,0.53068,0.52236,0.59255,0.31494,1.47167,1.37036,0.83081,0.000354826,0.000354826,0.000354826
57,1500.95,1.47467,1.00957,0.85093,0.52408,0.52815,0.59675,0.32236,1.44995,1.37903,0.82982,0.000341077,0.000341077,0.000341077
58,1527.41,1.57982,1.00244,0.85646,0.54338,0.53545,0.60018,0.31788,1.45657,1.3993,0.8296,0.000327328,0.000327328,0.000327328
59,1555.09,1.66861,1.02505,0.85116,0.55713,0.53541,0.60099,0.32099,1.48087,1.4128,0.83272,0.00031358,0.00031358,0.00031358
60,1581.83,1.63116,0.97082,0.84532,0.55913,0.5503,0.6016,0.32017,1.46334,1.41596,0.83172,0.000299831,0.000299831,0.000299831
61,1610,1.44864,0.9414,0.84749,0.56692,0.55221,0.60414,0.32904,1.41847,1.40276,0.82926,0.000286083,0.000286083,0.000286083
62,1637.63,1.53164,0.95588,0.84532,0.56692,0.55221,0.60414,0.32904,1.41847,1.40276,0.82926,0.000272334,0.000272334,0.000272334
63,1665.18,1.58462,1.02316,0.85094,0.54446,0.55718,0.60132,0.32512,1.42382,1.38855,0.82868,0.000258585,0.000258585,0.000258585
64,1693.2,1.59169,0.98994,0.85155,0.53833,0.53575,0.59733,0.32615,1.43134,1.3795,0.82895,0.000244837,0.000244837,0.000244837
65,1719.3,1.48669,0.95256,0.85166,0.54979,0.55736,0.60198,0.33039,1.40985,1.37523,0.82876,0.000231088,0.000231088,0.000231088
66,1746.18,1.55239,0.96707,0.84617,0.55713,0.56472,0.60577,0.33445,1.38231,1.36918,0.82934,0.000217339,0.000217339,0.000217339
67,1771.26,1.48977,0.93628,0.84248,0.53951,0.56993,0.60815,0.3363,1.40009,1.3794,0.82955,0.000203591,0.000203591,0.000203591
68,1798.13,1.40188,0.86719,0.84177,0.54554,0.56993,0.61115,0.33932,1.41846,1.38708,0.82982,0.000189842,0.000189842,0.000189842
69,1825.59,1.55634,0.98679,0.84411,0.54616,0.56094,0.61003,0.34083,1.41364,1.39121,0.8287,0.000176094,0.000176094,0.000176094
70,1853.15,1.53214,0.93969,0.84219,0.54616,0.56094,0.61003,0.34083,1.41364,1.39121,0.8287,0.000162345,0.000162345,0.000162345
71,1874.71,1.59631,1.17086,0.83816,0.56291,0.56315,0.61163,0.33932,1.40755,1.38208,0.8276,0.000148596,0.000148596,0.000148596
72,1896.13,1.31924,0.94834,0.83941,0.56241,0.5413,0.61001,0.34272,1.39783,1.42954,0.8254,0.000134848,0.000134848,0.000134848
73,1917.79,1.39662,0.98663,0.83965,0.53752,0.54199,0.60945,0.34456,1.39947,1.46821,0.82487,0.000121099,0.000121099,0.000121099
74,1938.96,1.31271,1.00696,0.84716,0.49954,0.55201,0.60373,0.34001,1.41141,1.47459,0.82564,0.00010735,0.00010735,0.00010735
75,1960.32,1.33653,0.9486,0.8367,0.51877,0.54965,0.60477,0.34053,1.41374,1.48588,0.82602,9.36017e-05,9.36017e-05,9.36017e-05
76,1981.52,1.45229,1.05407,0.83805,0.53637,0.54051,0.60518,0.33913,1.4025,1.49303,0.82548,7.98531e-05,7.98531e-05,7.98531e-05
77,2002.99,1.34452,0.96741,0.84171,0.52229,0.54895,0.60495,0.34241,1.38371,1.48357,0.82444,6.61045e-05,6.61045e-05,6.61045e-05
78,2024.56,1.5053,1.02652,0.84164,0.52229,0.54895,0.60495,0.34241,1.38371,1.48357,0.82444,5.23559e-05,5.23559e-05,5.23559e-05
79,2046.23,1.30542,0.89877,0.83568,0.54194,0.53729,0.59628,0.33908,1.38972,1.49575,0.82389,3.86073e-05,3.86073e-05,3.86073e-05
80,2067.57,1.3768,0.96857,0.84221,0.51925,0.51486,0.596,0.33754,1.39179,1.50448,0.82368,2.48586e-05,2.48586e-05,2.48586e-05
